augmentation,n,best,mean,std
A10,5,0.6737879514694214,0.7709704160690307,0.0841381260711476
A20,5,0.6676065921783447,0.7530599474906922,0.07257913107667652
A50,5,0.6737381219863892,0.7556386470794678,0.07386306093623396
A100,5,0.6787651181221008,0.7661352157592773,0.0802753689406214
A200,5,0.6846904754638672,0.7658020257949829,0.07759565978980591
A400,5,0.6846904754638672,0.7517328262329102,0.058839328762262146
