broad,n,best,mean,std
static,16,0.8131081318517492,0.8769065948908021,0.04808400302246224
frozen,120,0.6815699714287151,0.8923537125622868,0.08722499193519279
fine-tuned,3,0.9855434597121746,0.9906046872941628,0.008166753620799192
augmented,42,0.6676065921783447,0.7396799084686098,0.06693563510388961
