pct,K,avg_div,rel_change_pct
0,0,0.16427783631441883,0.0
10,10,0.16401090801886797,-0.1624858846083016
20,19,0.16445252908085428,0.10633982669524239
50,48,0.16577395044191923,0.9107218362901438
100,96,0.16756355325589,2.000097526961878
200,192,0.1695003236304684,3.1790577677526852
400,384,0.1713364295189631,4.296741035129358
