,chain_ERCcv_lr,chain_ERCcv_rf,global_rf,local_lasso,local_mean,local_rf
chain_ERCcv_lr,1.0,0.8311307235930576,0.2273244908710026,0.8769897976832656,0.00012825780331870984,0.8769897976832657
chain_ERCcv_rf,0.8311307235930576,1.0,0.9147596911085235,0.1845476708134809,0.015539798829492524,0.9999985355496922
global_rf,0.2273244908710026,0.9147596911085235,1.0,0.011088514683743944,0.2273244908710027,0.8769897976832655
local_lasso,0.8769897976832656,0.1845476708134809,0.011088514683743944,1.0,4.12810851391221e-07,0.2273244908710026
local_mean,0.00012825780331870984,0.015539798829492524,0.2273244908710027,4.12810851391221e-07,1.0,0.011088514683743944
local_rf,0.8769897976832657,0.9999985355496922,0.8769897976832655,0.2273244908710026,0.011088514683743944,1.0
