,chain_ERCcv_lr,chain_ERCcv_rf,global_rf,local_lasso,local_mean,local_rf
chain_ERCcv_lr,1.0,0.18454767081348078,0.00012825780331870984,0.9906375296868809,2.027457512987496e-08,0.5202189796948288
chain_ERCcv_rf,0.18454767081348078,1.0,0.27609937930951023,0.5202189796948286,0.002558815204621534,0.9906375296868809
global_rf,0.00012825780331870984,0.27609937930951023,1.0,0.0017239342758617049,0.5877087491507484,0.06992310149183445
local_lasso,0.9906375296868809,0.5202189796948286,0.0017239342758617049,1.0,7.318343843154551e-07,0.8769897976832657
local_mean,2.027457512987496e-08,0.002558815204621534,0.5877087491507484,7.318343843154551e-07,1.0,0.00020312611207007336
local_rf,0.5202189796948288,0.9906375296868809,0.06992310149183445,0.8769897976832657,0.00020312611207007336,1.0
