,chain_ERCcv_lr,chain_ERCcv_rf,global_rf,local_lasso,local_mean,local_rf
chain_ERCcv_lr,1.0,0.2273244908710026,0.00031831377246061,0.9960007263144955,5.6615889754141335e-09,0.021518732949915576
chain_ERCcv_rf,0.2273244908710026,1.0,0.330587213627472,0.5202189796948288,0.0007570263056015936,0.9443271906403021
global_rf,0.00031831377246061,0.330587213627472,1.0,0.002558815204621534,0.33058721362747157,0.8769897976832657
local_lasso,0.9960007263144955,0.5202189796948288,0.002558815204621534,1.0,1.2744270172504457e-07,0.09092846508608998
local_mean,5.6615889754141335e-09,0.0007570263056015936,0.33058721362747157,1.2744270172504457e-07,1.0,0.021518732949915576
local_rf,0.021518732949915576,0.9443271906403021,0.8769897976832657,0.09092846508608998,0.021518732949915576,1.0
