,chain_ERCcv_lr,chain_ERCcv_rf,global_rf,local_lasso,local_mean,local_rf
chain_ERCcv_lr,1.0,0.021518732949915576,0.8769897976832657,0.14775475973670638,0.9960007263144955,0.1845476708134809
chain_ERCcv_rf,0.021518732949915576,1.0,0.33058721362747157,0.9811599706360447,0.003755730090162279,0.966147707115239
global_rf,0.8769897976832657,0.33058721362747157,1.0,0.7778755062631819,0.5877087491507493,0.8311307235930574
local_lasso,0.14775475973670638,0.9811599706360447,0.7778755062631819,1.0,0.03977684759114486,0.9999985355496922
local_mean,0.9960007263144955,0.003755730090162279,0.5877087491507493,0.03977684759114486,1.0,0.05307611569799575
local_rf,0.1845476708134809,0.966147707115239,0.8311307235930574,0.9999985355496922,0.05307611569799575,1.0
