,chain_ERCcv_lr,chain_ERCcv_rf,global_rf,local_lasso,local_mean,local_rf
chain_ERCcv_lr,1.0,0.6544276485617031,0.029437886804422275,0.9986219429776076,2.305241927347268e-07,0.03977684759114486
chain_ERCcv_rf,0.6544276485617031,1.0,0.6544276485617031,0.3901585779580661,0.0004935338594537209,0.7184365953823186
global_rf,0.029437886804422275,0.6544276485617031,1.0,0.007819463815525451,0.0909284650860901,0.9999985355496922
local_lasso,0.9986219429776076,0.3901585779580661,0.007819463815525451,1.0,2.027457512987496e-08,0.011088514683743944
local_mean,2.305241927347268e-07,0.0004935338594537209,0.0909284650860901,2.027457512987496e-08,1.0,0.06992310149183445
local_rf,0.03977684759114486,0.7184365953823186,0.9999985355496922,0.011088514683743944,0.06992310149183445,1.0
