,chain_ERCcv_lr,chain_ERCcv_rf,global_rf,local_lasso,local_mean,local_rf
chain_ERCcv_lr,1.0,0.09092846508608976,0.00031831377246061,0.9999985355496922,3.7794555929338e-08,0.1477547597367066
chain_ERCcv_rf,0.09092846508608976,1.0,0.5877087491507489,0.06992310149183445,0.011088514683743944,0.9999539264430944
global_rf,0.00031831377246061,0.5877087491507489,1.0,0.00020312611207007336,0.5202189796948286,0.4538186484262213
local_lasso,0.9999985355496922,0.06992310149183445,0.00020312611207007336,1.0,2.027457512987496e-08,0.11669156724759278
local_mean,3.7794555929338e-08,0.011088514683743944,0.5202189796948286,2.027457512987496e-08,1.0,0.0054503968461308006
local_rf,0.1477547597367066,0.9999539264430944,0.4538186484262213,0.11669156724759278,0.0054503968461308006,1.0
