method,pct,labels_source,p_value,cliffs_delta,npos,nneg,nzero,magnitude
gemma,10,teacher_e5_base_local_lasso,0.6913770457773976,-0.014136904761904762,1325,1363,0,negligible
gemma,20,teacher_e5_base_local_lasso,0.47430166848227756,-0.000744047619047619,1343,1345,0,negligible
gemma,50,teacher_e5_base_local_lasso,0.019126278794450162,0.028273809523809524,1382,1306,0,negligible
gemma,100,teacher_e5_base_local_lasso,0.006243640750982182,0.008928571428571428,1356,1332,0,negligible
gemma,200,teacher_e5_base_local_lasso,0.3363485868383886,-0.03571428571428571,1296,1392,0,negligible
gemma,400,teacher_e5_base_local_lasso,0.010223212166183574,-0.000744047619047619,1343,1345,0,negligible
