{
  "chi2_F": 24.571428571428555,
  "F_F": 93.16666666666616
}