{
  "chi2_F": 24.571428571428555,
  "p": 4.617236067358854e-06,
  "F_F": 93.16666666666616
}