,local,chain,global
local,1.0,0.28528448961454356,6.885992628102855e-06
chain,0.28528448961454356,1.0,0.0037615766728725797
global,6.885992628102855e-06,0.0037615766728725797,1.0
