,local_mean,local_lasso,local_rf,global_rf,chain_ERCcv_lr,chain_ERCcv_rf
local_mean,1.0,0.015539798829492524,0.00031831377246061,0.2273244908710027,2.9471675100367634e-09,3.837787200033915e-06
local_lasso,0.015539798829492524,1.0,0.9147596911085237,0.9147596911085237,0.021518732949915576,0.3901585779580662
local_rf,0.00031831377246061,0.9147596911085237,1.0,0.33058721362747157,0.27609937930951,0.9443271906403021
global_rf,0.2273244908710027,0.9147596911085237,0.33058721362747157,1.0,0.0004935338594537209,0.03977684759114475
chain_ERCcv_lr,2.9471675100367634e-09,0.021518732949915576,0.27609937930951,0.0004935338594537209,1.0,0.8311307235930574
chain_ERCcv_rf,3.837787200033915e-06,0.3901585779580662,0.9443271906403021,0.03977684759114475,0.8311307235930574,1.0
