,local_mean,local_lasso,local_rf,global_rf,chain_ERCcv_lr,chain_ERCcv_rf
local_mean,1.0,4.864249003588839e-10,0.003904874304814454,0.33876573154470824,6.782911621261434e-08,7.78091795089475e-05
local_lasso,4.864249003588839e-10,1.0,0.03142227551815546,5.39227212136284e-05,0.9723128924763403,0.2960723187240589
local_rf,0.003904874304814454,0.03142227551815546,1.0,0.5850775714612342,0.22056251259305026,0.9399969018641682
global_rf,0.33876573154470824,5.39227212136284e-05,0.5850775714612342,1.0,0.0015985046570877737,0.1110174451548428
chain_ERCcv_lr,6.782911621261434e-08,0.9723128924763403,0.22056251259305026,0.0015985046570877737,1.0,0.7787821131513011
chain_ERCcv_rf,7.78091795089475e-05,0.2960723187240589,0.9399969018641682,0.1110174451548428,0.7787821131513011,1.0
