,Static,Frozen word-level (mean),Frozen sentence-level
Static,1.0,0.001220703125,0.0001220703125
Frozen word-level (mean),0.001220703125,1.0,0.0001220703125
Frozen sentence-level,0.0001220703125,0.0001220703125,1.0
