strand,n_items,median_rrmse
mean,30,0.9046273076125528
max,30,0.9441710936835168
cls,30,0.9560934668550383
